{
  "Albania": 4256.01670203254, 
  "Argentina": 14790.8826232836, 
  "Australia": 67511.8249630025, 
  "Austria": 48348.2259628237, 
  "Belgium": 44818.045053451, 
  "Brazil": 12147.5016188487, 
  "Bulgaria": 7198.51846143873, 
  "Canada": 52733.4736890102, 
  "Chile": 15186.6250683981, 
  "China-Shanghai": 23826.0, 
  "Chinese Taipei": 39400.0, 
  "Colombia": 7748.96007818142, 
  "Costa Rica": 9427.24012937395, 
  "Croatia": 13235.9790882094, 
  "Czech Republic": 19670.4026149645, 
  "Denmark": 57636.1253095393, 
  "Estonia": 17132.2272892243, 
  "Finland": 47415.5598711351, 
  "France": 40853.3977079116, 
  "Germany": 43931.6917088564, 
  "Greece": 22494.3781859902, 
  "Hong Kong-China": 36707.6953363363, 
  "Hungary": 12784.2956083469, 
  "Iceland": 44377.3739015039, 
  "Indonesia": 3718.11687084627, 
  "Ireland": 48391.3149728058, 
  "Israel": 32514.3673512902, 
  "Italy": 34854.3975583218, 
  "Japan": 46679.2654322303, 
  "Jordan": 4896.68844660237, 
  "Kazakhstan": 12120.3053397012, 
  "Korea": 24453.9713463072, 
  "Latvia": 14031.7958668304, 
  "Liechtenstein": 149710.100732218, 
  "Lithuania": 14333.247422089, 
  "Luxembourg": 106022.799072463, 
  "Macao-China": 77214.8412184874, 
  "Malaysia": 10429.4559819425, 
  "Mexico": 9819.48078518928, 
  "Montenegro": 6519.1869711592, 
  "Netherlands": 49128.0872747404, 
  "New Zealand": 39573.8105286442, 
  "Norway": 101563.702677597, 
  "Peru": 6425.18237858499, 
  "Poland": 13036.3766491254, 
  "Portugal": 20577.4064256373, 
  "Qatar": 92632.6839391125, 
  "Romania": 8445.29664001466, 
  "Russian Federation": 14078.8305693118, 
  "Serbia": 5659.38020403691, 
  "Singapore": 54578.17678341, 
  "Slovak Republic": 17151.3702828256, 
  "Slovenia": 22488.6588900316, 
  "Spain": 28985.3333285441, 
  "Sweden": 57134.0770682404, 
  "Switzerland": 83295.2586154822, 
  "Thailand": 5479.76057948655, 
  "Tunisia": 4197.52827618166, 
  "Turkey": 10660.7286389599, 
  "United Arab Emirates": 40444.0658321152, 
  "United Kingdom": 41050.7719367539, 
  "United States": 51456.6587280353, 
  "Uruguay": 15134.0293845134, 
  "Vietnam": 1755.26542357512
}